학번,반,번호,국어,수학,영어,Python,DataScience,Database
20260001,1반,2,87,57,55,54,48,87
20260002,1반,35,45,77,67,42,41,45
20260003,2반,15,72,78,41,75,52,85
20260004,5반,27,54,68,77,57,91,95
20260005,1반,11,84,67,61,57,49,53
20260006,3반,7,45,64,46,62,94,62
20260007,5반,17,91,42,86,69,74,47
20260008,4반,6,75,58,93,80,79,96
20260009,3반,37,52,85,44,42,82,54
20260010,3반,6,94,54,95,46,64,57
20260011,4반,24,50,63,62,53,82,57
20260012,1반,39,80,50,74,86,55,50
20260013,4반,25,57,99,80,84,75,54
20260014,3반,4,54,92,42,91,60,65
20260015,3반,5,53,98,100,76,96,85
20260016,3반,14,81,71,65,96,98,81
20260017,4반,10,56,48,55,87,75,74
20260018,3반,38,67,97,77,65,63,54
20260019,2반,33,71,45,88,43,95,47
20260020,2반,11,90,83,67,78,44,64
20260021,4반,39,69,73,56,75,95,100
20260022,1반,8,83,96,74,88,57,89
20260023,3반,8,58,67,50,69,40,86
20260024,3반,33,88,51,72,98,46,95
20260025,3반,33,78,52,49,63,88,50
20260026,5반,34,98,40,78,60,71,41
20260027,1반,24,96,93,91,59,55,43
20260028,2반,37,100,45,45,86,71,92
20260029,1반,35,89,48,48,82,70,100
20260030,5반,11,56,73,95,78,67,53
20260031,5반,13,85,59,65,82,81,63
20260032,4반,34,68,47,55,54,44,61
20260033,1반,38,75,54,77,54,40,44
20260034,1반,15,44,97,42,95,61,44
20260035,5반,16,57,82,71,53,74,48
20260036,5반,37,70,55,90,70,91,66
20260037,2반,7,46,82,67,62,67,66
20260038,4반,4,83,81,81,46,43,65
20260039,3반,7,55,52,52,74,68,48
20260040,4반,12,57,69,55,95,99,44
20260041,4반,36,46,43,81,74,93,40
20260042,1반,16,50,66,71,70,53,95
20260043,4반,4,50,64,40,64,56,99
20260044,4반,19,67,84,86,90,75,82
20260045,4반,10,52,58,53,43,77,87
20260046,5반,4,87,60,43,43,77,70
20260047,5반,34,50,43,72,45,94,51
20260048,1반,39,44,83,95,55,65,47
20260049,5반,16,77,78,42,79,45,66
20260050,5반,37,73,60,99,56,53,82
20260051,3반,16,56,65,48,82,81,59
20260052,4반,21,99,88,99,44,40,69
20260053,5반,37,46,44,74,53,72,56
20260054,2반,23,96,44,96,55,63,58
20260055,2반,29,93,74,85,59,79,91
20260056,5반,1,82,92,75,59,99,82
20260057,1반,9,56,47,96,46,87,75
20260058,2반,18,58,78,53,85,61,53
20260059,3반,33,71,56,97,98,94,43
20260060,1반,28,93,57,42,40,61,89
20260061,2반,17,50,87,68,75,85,67
20260062,5반,1,47,44,100,96,84,97
20260063,2반,35,42,93,63,77,75,49
20260064,4반,9,42,59,63,97,99,90
20260065,1반,23,53,83,55,82,46,62
20260066,5반,27,79,87,49,99,99,55
20260067,2반,12,96,66,41,51,87,99
20260068,3반,27,91,82,95,87,91,55
20260069,3반,11,90,84,46,64,95,42
20260070,4반,15,52,92,98,69,62,59
20260071,2반,15,41,82,52,65,61,57
20260072,1반,18,62,81,72,65,83,93
20260073,5반,22,100,41,47,96,56,51
20260074,5반,17,42,46,78,67,62,86
20260075,3반,28,78,72,47,64,97,76
20260076,2반,17,42,85,67,40,73,99
20260077,5반,13,63,67,44,100,82,98
20260078,3반,40,60,82,94,47,86,97
20260079,3반,33,59,82,66,60,65,84
20260080,3반,36,48,52,66,82,100,64
20260081,2반,40,76,59,65,75,93,40
20260082,3반,19,53,67,90,77,78,81
20260083,3반,30,68,68,83,53,72,70
20260084,2반,6,58,72,82,80,79,61
20260085,1반,16,83,59,54,91,52,49
20260086,1반,3,55,70,79,94,89,44
20260087,4반,27,96,80,76,52,85,84
20260088,4반,32,65,55,49,81,84,40
20260089,1반,28,54,51,91,84,73,69
20260090,1반,36,55,98,94,47,69,48
20260091,4반,34,75,78,60,100,88,97
20260092,4반,40,92,86,97,72,67,93
20260093,5반,29,97,50,87,95,70,68
20260094,3반,16,93,80,57,89,89,73
20260095,4반,16,57,68,44,85,58,55
20260096,3반,22,60,97,74,45,48,49
20260097,2반,25,84,49,85,53,44,66
20260098,4반,22,74,69,66,43,53,93
20260099,4반,25,97,89,77,100,84,41
20260100,5반,25,70,40,100,62,59,88
20260101,4반,27,74,87,87,74,91,78
20260102,2반,32,54,57,67,71,41,64
20260103,3반,26,86,50,93,69,98,48
20260104,5반,35,41,98,65,77,76,82
20260105,1반,6,81,67,48,95,69,51
20260106,1반,17,64,60,53,69,60,61
20260107,4반,18,88,100,93,66,56,93
20260108,1반,31,41,87,74,43,100,62
20260109,2반,5,89,81,42,88,41,100
20260110,2반,13,93,41,79,49,55,48
20260111,4반,8,76,100,53,69,84,56
20260112,3반,11,78,78,87,85,47,89
20260113,2반,20,46,77,41,99,59,76
20260114,4반,26,100,85,52,44,77,84
20260115,2반,7,84,89,59,94,83,78
20260116,1반,37,90,42,62,74,67,82
20260117,3반,5,72,81,61,40,94,66
20260118,4반,7,67,63,80,97,93,69
20260119,2반,28,51,86,73,81,57,79
20260120,5반,31,69,67,92,86,77,57
20260121,3반,16,93,99,45,57,96,68
20260122,2반,30,76,79,82,64,61,41
20260123,4반,21,51,71,53,62,91,56
20260124,3반,18,96,78,84,96,57,75
20260125,1반,34,100,52,45,55,86,66
20260126,4반,36,88,55,84,70,81,85
20260127,4반,29,90,41,45,58,54,65
20260128,2반,20,82,77,63,70,75,73
20260129,3반,28,87,75,61,62,84,69
20260130,3반,20,56,54,47,86,52,60
20260131,1반,35,100,88,84,51,52,53
20260132,4반,18,86,77,88,73,78,58
20260133,1반,13,58,54,63,51,59,40
20260134,5반,9,57,42,43,75,58,84
20260135,2반,32,46,95,40,76,58,70
20260136,4반,29,61,51,43,56,100,95
20260137,4반,8,92,44,65,71,44,76
20260138,1반,10,49,91,76,100,59,45
20260139,2반,8,75,88,66,78,78,90
20260140,5반,15,89,73,64,68,98,68
20260141,3반,38,67,59,76,79,43,79
20260142,1반,14,80,53,56,82,45,50
20260143,2반,12,75,44,50,40,66,68
20260144,5반,31,58,42,54,58,85,58
20260145,4반,5,83,54,99,56,90,90
20260146,5반,13,67,47,74,54,81,49
20260147,3반,10,44,43,50,90,59,78
20260148,5반,19,68,47,69,84,59,84
20260149,4반,18,72,74,71,68,45,78
20260150,1반,28,87,60,78,56,41,45
20260151,2반,37,77,100,41,88,83,92
20260152,3반,37,42,88,88,51,70,73
20260153,4반,18,51,77,67,80,92,71
20260154,1반,31,62,66,61,60,82,46
20260155,2반,22,66,84,71,58,82,100
20260156,4반,36,42,69,45,60,56,60
20260157,1반,26,95,72,92,40,82,95
20260158,5반,30,66,43,52,73,63,79
20260159,4반,29,88,43,53,57,75,48
20260160,3반,29,96,84,71,47,41,80
20260161,5반,16,85,50,59,75,40,75
20260162,4반,6,54,93,98,47,69,100
20260163,1반,10,71,99,85,58,72,85
20260164,3반,27,93,70,70,55,69,75
20260165,2반,25,52,98,78,72,87,96
20260166,2반,5,57,89,90,94,66,61
20260167,5반,18,92,40,58,86,59,93
20260168,5반,38,82,71,95,49,68,74
20260169,4반,23,61,75,88,74,64,69
20260170,3반,13,84,55,76,64,54,94
20260171,4반,3,60,87,70,85,98,91
20260172,4반,25,82,90,92,81,49,71
20260173,1반,9,72,77,61,95,46,95
20260174,4반,7,73,98,69,40,86,49
20260175,4반,10,44,70,90,56,61,79
20260176,4반,6,94,61,94,83,94,74
20260177,4반,21,80,85,96,88,71,95
20260178,5반,3,79,44,55,80,83,98
20260179,3반,15,87,45,67,46,88,80
20260180,1반,29,50,84,59,97,41,42
20260181,3반,4,58,62,63,67,49,55
20260182,5반,27,76,83,90,51,50,51
20260183,1반,40,95,64,79,83,55,71
20260184,5반,10,54,69,80,56,69,56
20260185,1반,30,97,58,83,74,50,44
20260186,4반,23,77,59,80,67,84,56
20260187,4반,20,52,64,94,70,46,55
20260188,4반,37,62,76,58,84,58,41
20260189,4반,18,40,76,95,83,89,87
20260190,1반,39,87,71,93,97,97,58
20260191,2반,39,91,62,54,80,52,79
20260192,3반,9,80,46,97,80,81,42
20260193,3반,29,42,77,63,86,48,45
20260194,3반,21,87,66,51,52,48,90
20260195,5반,24,73,72,98,57,93,50
20260196,3반,31,91,58,87,95,61,91
20260197,1반,30,44,49,88,54,95,83
20260198,4반,36,63,45,90,65,40,56
20260199,5반,8,69,63,83,87,83,56
20260200,5반,25,92,80,100,63,46,83
20260201,2반,31,41,79,96,100,75,60
20260202,5반,15,81,44,80,92,69,98
20260203,3반,27,47,48,42,100,42,59
20260204,4반,8,46,55,96,74,48,64
20260205,4반,24,82,100,87,84,100,74
20260206,4반,38,87,86,49,96,66,81
20260207,1반,32,79,66,100,100,57,42
20260208,3반,14,68,68,100,55,94,63
20260209,1반,24,74,97,81,62,43,65
20260210,3반,13,47,100,94,92,69,45
20260211,2반,39,41,43,90,61,55,48
20260212,5반,14,44,93,88,75,53,77
20260213,2반,15,61,89,49,90,97,78
20260214,1반,18,94,49,48,74,56,91
20260215,2반,8,82,95,41,48,40,62
20260216,2반,38,60,41,51,56,43,48
20260217,4반,34,47,87,44,70,68,89
20260218,3반,33,77,46,68,72,54,100
20260219,5반,3,86,90,98,95,82,73
20260220,3반,30,81,41,43,70,94,65
20260221,4반,7,71,85,98,68,44,97
20260222,1반,21,78,49,44,48,57,79
20260223,5반,36,85,60,64,78,73,58
20260224,4반,33,78,67,46,90,84,47
20260225,5반,14,67,68,96,54,66,61
20260226,4반,26,66,86,46,60,67,60
20260227,3반,24,49,83,99,70,44,45
20260228,1반,6,67,46,87,87,63,91
20260229,2반,36,43,77,75,75,61,82
20260230,1반,27,62,95,82,100,88,67
20260231,1반,19,78,59,62,46,76,72
20260232,2반,10,82,70,54,94,46,62
20260233,5반,24,47,88,57,76,54,91
20260234,4반,36,89,92,79,79,83,81
20260235,5반,2,78,99,82,93,84,57
20260236,1반,12,57,84,88,59,98,61
20260237,3반,1,51,95,49,76,82,65
20260238,1반,10,87,80,41,45,87,73
20260239,2반,25,66,69,61,50,63,59
20260240,3반,37,78,45,96,43,49,50
20260241,5반,4,83,45,57,68,82,67
20260242,4반,39,68,66,57,53,88,72
20260243,1반,23,67,47,58,83,83,77
20260244,4반,34,82,59,42,54,65,78
20260245,1반,1,53,59,100,53,89,48
20260246,3반,19,60,47,40,71,87,67
20260247,2반,9,64,74,85,54,72,75
20260248,3반,5,65,95,87,42,67,41
20260249,4반,5,95,60,76,67,76,65
20260250,4반,19,47,65,41,60,50,91
20260251,5반,30,93,84,98,63,45,67
20260252,1반,16,67,77,65,73,45,65
20260253,3반,22,54,61,89,50,44,72
20260254,1반,34,72,52,97,89,62,62
20260255,2반,16,46,49,56,52,51,78
20260256,2반,5,51,100,89,80,71,69
20260257,5반,38,68,83,99,96,76,81
20260258,5반,21,95,80,60,49,68,44
20260259,4반,29,80,59,90,57,77,43
20260260,3반,33,44,59,69,68,42,43
20260261,3반,19,44,81,95,94,45,79
20260262,5반,33,64,69,77,75,90,87
20260263,1반,29,98,91,76,81,52,60
20260264,5반,31,72,49,43,68,46,91
20260265,3반,6,72,81,51,42,55,85
20260266,4반,29,73,73,79,50,63,63
20260267,3반,25,66,89,61,83,78,43
20260268,3반,5,61,46,75,83,64,58
20260269,3반,39,95,49,61,45,77,82
20260270,2반,23,59,81,84,82,65,48
20260271,5반,6,59,75,64,81,90,61
20260272,2반,34,45,81,82,67,72,63
20260273,1반,24,59,51,100,53,61,100
20260274,4반,13,54,48,49,44,58,94
20260275,1반,33,89,74,93,87,96,73
20260276,1반,22,96,89,79,48,78,64
20260277,2반,11,51,93,84,89,79,91
20260278,2반,29,42,66,63,83,86,55
20260279,4반,40,58,88,87,90,68,54
20260280,5반,16,59,91,90,70,97,93
20260281,2반,24,83,100,76,68,69,89
20260282,3반,25,72,73,66,50,92,52
20260283,5반,9,95,56,43,81,70,95
20260284,3반,36,99,46,85,94,73,94
20260285,1반,19,45,88,50,57,68,97
20260286,5반,10,93,67,45,100,98,54
20260287,4반,23,99,41,66,43,65,72
20260288,3반,16,64,45,63,54,41,60
20260289,1반,22,90,49,48,42,58,98
20260290,4반,9,88,85,70,68,79,40
20260291,1반,2,56,53,93,49,75,100
20260292,5반,34,67,47,89,58,55,59
20260293,1반,4,55,66,80,90,79,69
20260294,1반,8,93,97,71,78,74,41
20260295,5반,37,55,85,49,58,67,40
20260296,5반,23,55,76,66,51,82,82
20260297,1반,34,63,44,73,74,72,90
20260298,5반,36,41,64,95,70,42,80
20260299,4반,24,56,87,41,62,90,44
20260300,3반,16,86,82,80,46,89,77
20260301,3반,9,42,62,74,61,92,81
20260302,2반,30,84,70,80,51,91,48
20260303,1반,30,42,58,52,42,90,52
20260304,1반,21,99,59,72,65,92,74
20260305,4반,17,42,88,81,52,58,62
20260306,1반,22,57,47,91,63,67,96
20260307,4반,29,97,64,61,51,71,84
20260308,4반,24,99,91,73,57,91,45
20260309,4반,6,67,78,92,51,74,58
20260310,3반,7,45,60,82,58,59,68
20260311,5반,28,50,84,68,62,68,42
20260312,3반,40,67,57,80,90,100,43
20260313,1반,26,63,72,91,87,83,50
20260314,1반,10,94,78,83,90,68,42
20260315,2반,5,55,89,81,63,63,64
20260316,5반,3,78,49,83,68,100,63
20260317,3반,29,88,44,76,48,73,63
20260318,4반,21,81,57,55,47,41,87
20260319,2반,32,73,64,98,75,47,56
20260320,3반,29,53,79,58,84,98,71
20260321,2반,8,48,94,44,68,51,97
20260322,4반,6,91,83,94,60,82,62
20260323,1반,36,74,58,97,59,94,50
20260324,2반,24,72,54,47,52,90,48
20260325,2반,32,41,63,75,76,63,69
20260326,5반,9,79,96,45,44,59,65
20260327,4반,34,66,89,66,92,76,44
20260328,2반,21,81,44,68,69,83,73
20260329,3반,9,96,93,89,75,80,77
20260330,2반,9,67,72,98,95,43,93
20260331,1반,34,49,59,50,50,60,99
20260332,2반,23,100,100,73,97,58,94
20260333,1반,17,52,80,75,57,48,80
20260334,3반,40,74,45,72,81,50,77
20260335,5반,10,50,82,79,86,97,78
20260336,3반,37,42,92,95,41,45,42
20260337,5반,17,81,53,89,76,66,79
20260338,1반,32,96,80,74,58,81,59
20260339,4반,16,91,91,83,65,59,69
20260340,1반,4,50,68,66,70,69,53
20260341,3반,39,49,60,95,85,60,86
20260342,3반,26,48,88,63,72,75,46
20260343,3반,16,69,47,57,68,55,49
20260344,1반,4,58,100,64,95,79,66
20260345,2반,11,92,60,99,76,86,60
20260346,2반,11,71,72,69,71,96,59
20260347,4반,2,45,100,65,72,69,55
20260348,2반,38,62,43,43,58,71,78
20260349,4반,19,74,40,94,46,67,48
20260350,3반,24,88,65,63,42,65,43
20260351,5반,36,52,63,75,58,44,64
20260352,5반,29,88,75,57,92,79,83
20260353,5반,8,48,46,65,63,90,61
20260354,5반,24,88,49,52,78,72,65
20260355,5반,3,42,42,48,85,61,91
20260356,4반,34,69,49,78,97,72,48
20260357,3반,40,60,50,65,79,87,93
20260358,3반,38,61,72,93,72,74,71
20260359,5반,20,70,92,41,63,61,83
20260360,1반,27,77,59,90,97,86,95
20260361,1반,39,70,56,81,90,89,77
20260362,5반,15,86,43,77,70,50,73
20260363,5반,25,49,92,83,55,42,76
20260364,1반,13,41,68,60,66,49,66
20260365,2반,27,72,89,79,98,70,95
20260366,1반,9,73,53,75,60,82,70
20260367,5반,25,60,51,69,98,74,61
20260368,5반,23,83,89,95,86,83,81
20260369,3반,40,70,52,55,57,75,59
20260370,2반,20,89,58,85,53,84,85
20260371,4반,21,70,62,75,99,99,90
20260372,3반,19,47,76,83,74,64,97
20260373,4반,23,89,91,49,58,42,58
20260374,1반,23,99,68,81,56,87,70
20260375,2반,13,92,74,57,99,75,84
20260376,3반,9,46,79,87,77,55,55
20260377,1반,34,54,80,54,43,46,66
20260378,3반,31,46,83,89,48,40,75
20260379,2반,27,81,99,96,96,70,70
20260380,2반,19,60,58,81,43,98,89
20260381,1반,37,54,74,87,86,94,99
20260382,1반,12,66,96,93,51,99,98
20260383,1반,26,90,71,51,99,87,95
20260384,3반,3,40,59,76,78,46,99
20260385,3반,19,69,81,74,73,71,96
20260386,2반,33,69,57,52,91,47,61
20260387,2반,30,81,56,85,51,40,87
20260388,3반,19,76,83,88,52,51,79
20260389,4반,28,72,60,45,65,82,46
20260390,2반,9,70,60,99,55,40,56
20260391,4반,16,68,88,57,61,59,77
20260392,5반,1,56,81,63,84,55,43
20260393,1반,30,59,50,65,83,72,99
20260394,3반,8,80,98,100,58,63,79
20260395,2반,15,48,70,49,69,87,78
20260396,3반,27,84,75,98,70,88,74
20260397,2반,16,83,88,78,95,90,45
20260398,5반,29,73,85,63,44,98,76
20260399,1반,4,93,75,97,72,52,76
20260400,5반,10,50,60,94,73,68,47
20260401,2반,38,71,45,97,72,68,91
20260402,1반,30,48,72,66,69,76,43
20260403,5반,30,83,91,59,86,41,65
20260404,3반,1,87,53,77,44,42,67
20260405,3반,5,74,43,99,97,44,99
20260406,4반,3,58,66,51,89,48,89
20260407,4반,24,97,64,68,95,98,98
20260408,4반,25,45,83,82,95,74,48
20260409,3반,8,51,74,65,73,48,86
20260410,2반,1,88,41,59,69,83,86
20260411,5반,28,74,64,92,54,55,69
20260412,3반,10,57,52,99,96,86,88
20260413,1반,3,91,82,66,79,89,99
20260414,1반,16,53,44,46,78,42,68
20260415,5반,4,55,87,42,65,68,54
20260416,5반,14,88,95,89,43,48,72
20260417,3반,15,92,98,86,76,60,76
20260418,5반,21,55,59,96,49,82,73
20260419,2반,27,59,57,43,75,100,77
20260420,2반,28,75,71,43,62,100,81
20260421,4반,34,60,84,66,66,49,59
20260422,4반,12,88,74,70,55,94,54
20260423,3반,10,91,69,98,43,75,66
20260424,4반,36,73,48,64,55,56,53
20260425,3반,6,99,68,94,63,45,74
20260426,2반,4,57,64,83,78,78,42
20260427,1반,13,91,88,77,86,82,75
20260428,2반,31,53,95,98,61,59,98
20260429,1반,14,99,52,87,47,87,88
20260430,4반,16,84,78,85,53,65,98
20260431,2반,36,60,89,58,64,69,74
20260432,3반,20,56,63,72,96,71,69
20260433,1반,31,88,93,60,98,53,63
20260434,3반,27,42,76,95,54,87,49
20260435,1반,17,75,99,77,77,86,66
20260436,3반,10,52,61,54,64,76,93
20260437,2반,32,75,81,100,83,61,56
20260438,4반,32,69,50,86,90,62,50
20260439,2반,35,71,51,98,96,74,81
20260440,1반,34,42,93,94,44,100,92
20260441,1반,1,66,48,93,80,54,44
20260442,2반,1,53,72,69,63,43,79
20260443,5반,31,82,71,41,40,74,75
20260444,4반,1,41,73,86,57,74,58
20260445,1반,33,92,84,83,67,91,100
20260446,2반,7,98,46,73,49,55,52
20260447,5반,34,56,92,62,57,90,65
20260448,1반,24,65,69,76,55,84,54
20260449,3반,6,81,94,81,88,42,45
20260450,4반,25,64,75,70,43,80,40
20260451,2반,6,71,94,67,81,90,61
20260452,5반,7,97,73,98,42,54,53
20260453,5반,31,57,42,99,44,83,99
20260454,3반,35,76,82,42,51,99,94
20260455,3반,2,53,77,49,88,92,85
20260456,4반,5,59,50,76,55,76,93
20260457,4반,35,61,64,88,87,48,90
20260458,1반,33,87,62,43,46,67,54
20260459,1반,22,78,89,79,78,65,89
20260460,3반,2,80,57,90,68,71,54
20260461,3반,36,100,64,67,51,83,77
20260462,4반,6,89,79,58,91,55,85
20260463,1반,6,57,49,64,85,90,80
20260464,2반,25,60,63,46,45,40,100
20260465,3반,29,63,88,57,46,48,45
20260466,2반,28,68,75,75,72,66,46
20260467,1반,6,62,75,45,78,78,90
20260468,3반,25,40,58,66,64,89,45
20260469,5반,16,76,73,50,83,64,50
20260470,2반,18,59,57,71,49,44,50
20260471,4반,18,66,59,70,90,44,63
20260472,3반,16,86,80,71,78,79,52
20260473,4반,7,48,59,40,100,65,61
20260474,5반,25,91,95,61,68,61,67
20260475,5반,9,59,60,78,100,84,52
20260476,4반,21,51,65,60,58,87,84
20260477,4반,37,90,55,60,64,57,92
20260478,4반,24,47,99,76,52,77,74
20260479,2반,36,41,100,86,69,100,85
20260480,2반,29,91,58,93,84,44,92
20260481,4반,32,48,80,59,55,56,82
20260482,2반,28,90,64,44,68,78,70
20260483,5반,26,74,72,99,98,95,84
20260484,4반,35,42,90,63,84,97,91
20260485,5반,39,80,98,45,46,89,55
20260486,3반,11,81,79,42,76,81,83
20260487,4반,22,90,67,46,40,46,56
20260488,2반,33,87,73,75,77,84,76
20260489,2반,29,63,65,69,89,83,77
20260490,5반,10,62,41,70,46,58,66
20260491,1반,8,93,100,86,49,62,59
20260492,3반,30,90,53,73,70,62,70
20260493,1반,29,86,84,68,60,44,59
20260494,1반,8,41,94,61,81,46,83
20260495,2반,16,73,51,75,50,61,75
20260496,4반,30,54,91,65,80,51,51
20260497,4반,26,41,87,79,96,52,68
20260498,5반,28,64,40,85,53,53,57
20260499,1반,37,46,91,95,74,51,63
20260500,3반,13,69,47,56,82,95,71
20260501,5반,21,78,64,79,65,77,47
20260502,3반,23,94,69,79,51,92,83
20260503,3반,40,77,45,83,48,60,47
20260504,2반,20,47,51,63,84,49,72
20260505,4반,27,78,48,76,64,67,51
20260506,4반,35,84,98,81,99,51,75
20260507,2반,32,58,48,51,60,93,68
20260508,5반,4,95,62,100,40,71,48
20260509,2반,25,75,72,81,71,66,83
20260510,4반,27,85,93,68,71,50,45
20260511,5반,2,90,88,54,58,42,57
20260512,2반,35,58,50,89,69,76,87
20260513,4반,36,72,47,76,47,57,89
20260514,5반,24,74,92,88,42,88,86
20260515,4반,35,53,67,46,87,93,81
20260516,2반,20,95,42,68,56,62,95
20260517,1반,29,95,47,89,91,55,53
20260518,5반,23,95,85,79,80,67,50
20260519,5반,9,90,53,92,53,91,43
20260520,5반,23,74,57,78,74,50,60
20260521,3반,19,76,57,100,94,72,97
20260522,1반,9,88,90,66,98,43,57
20260523,2반,9,55,49,85,60,93,55
20260524,4반,32,49,76,80,57,80,66
20260525,4반,29,44,80,90,96,89,45
20260526,4반,33,87,57,84,99,96,63
20260527,4반,32,60,77,40,95,89,94
20260528,1반,30,80,82,84,62,94,44
20260529,5반,26,53,67,92,53,71,57
20260530,3반,19,61,75,76,48,76,94
20260531,4반,22,97,83,88,43,42,46
20260532,4반,2,47,99,94,50,68,69
20260533,1반,28,52,84,98,48,96,81
20260534,3반,11,95,99,96,57,45,81
20260535,3반,17,45,63,82,97,81,50
20260536,1반,26,80,59,86,84,88,54
20260537,4반,6,85,46,40,53,70,44
20260538,2반,38,54,73,83,68,40,40
20260539,3반,8,95,67,84,48,70,44
20260540,2반,25,45,86,91,46,46,60
20260541,3반,20,48,64,89,92,88,95
20260542,2반,10,44,73,76,40,79,81
20260543,2반,29,62,86,53,80,87,49
20260544,4반,40,83,68,95,53,45,97
20260545,1반,9,88,47,77,86,64,62
20260546,4반,21,90,48,55,57,81,45
20260547,2반,36,78,78,86,78,58,89
20260548,1반,20,53,73,78,72,52,87
20260549,4반,19,81,43,90,97,90,55
20260550,4반,25,47,55,71,80,78,44
20260551,5반,1,63,99,60,48,64,95
20260552,5반,27,63,74,83,51,88,70
20260553,1반,2,77,44,40,56,53,42
20260554,1반,26,72,58,80,85,72,89
20260555,4반,28,84,65,45,80,74,74
20260556,5반,10,57,45,59,45,72,98
20260557,2반,10,74,60,65,77,80,88
20260558,1반,20,84,67,86,94,55,43
20260559,2반,6,99,67,47,69,79,78
20260560,1반,20,82,87,82,87,51,47
20260561,1반,9,84,40,50,71,100,62
20260562,5반,34,90,92,86,56,50,63
20260563,2반,18,86,96,47,89,97,41
20260564,3반,28,57,73,44,56,85,76
20260565,1반,32,69,72,63,43,71,94
20260566,5반,11,63,50,56,89,46,97
20260567,5반,8,54,87,72,40,42,94
20260568,1반,16,42,70,63,64,98,49
20260569,2반,3,75,91,98,85,87,81
20260570,4반,15,60,55,66,98,86,60
20260571,3반,5,76,63,47,72,83,97
20260572,1반,12,54,91,73,42,65,44
20260573,4반,19,89,94,59,60,45,75
20260574,4반,1,63,52,58,76,90,59
20260575,5반,16,69,63,77,71,89,89
20260576,2반,35,88,90,55,49,40,99
20260577,4반,2,54,74,62,80,93,84
20260578,1반,22,40,88,82,64,94,87
20260579,3반,7,53,73,55,66,71,43
20260580,2반,18,45,42,98,54,97,94
20260581,5반,27,84,97,63,69,87,45
20260582,5반,7,72,48,80,92,65,44
20260583,5반,37,43,67,82,48,55,58
20260584,3반,21,99,91,65,84,93,87
20260585,3반,21,68,57,54,44,100,52
20260586,2반,38,46,49,46,50,68,69
20260587,3반,27,47,74,62,89,53,68
20260588,3반,30,56,94,47,45,50,91
20260589,3반,39,42,53,93,94,60,49
20260590,1반,16,62,65,72,43,83,59
20260591,3반,12,41,100,65,94,68,75
20260592,5반,16,46,69,46,91,90,48
20260593,1반,1,43,93,89,54,48,52
20260594,4반,24,83,80,100,81,45,77
20260595,5반,17,98,92,44,41,44,52
20260596,4반,9,45,97,94,93,91,61
20260597,1반,3,100,69,43,50,99,76
20260598,4반,26,71,41,64,83,67,51
20260599,3반,14,98,51,57,57,68,96
20260600,2반,3,79,79,79,55,81,58
20260601,4반,27,96,75,70,43,45,57
20260602,4반,9,66,52,81,96,91,73
20260603,2반,35,90,41,64,90,85,62
20260604,4반,35,90,71,62,98,76,72
20260605,3반,25,57,51,41,60,78,54
20260606,1반,18,43,91,70,73,62,89
20260607,5반,15,50,46,55,82,55,57
20260608,5반,4,88,100,54,76,94,91
20260609,4반,23,99,93,94,51,51,55
20260610,5반,21,91,87,84,62,98,77
20260611,1반,23,100,76,76,49,76,100
20260612,2반,32,74,59,51,71,42,45
20260613,1반,15,78,54,41,73,70,40
20260614,3반,40,52,91,48,61,85,51
20260615,3반,4,41,49,77,85,98,49
20260616,1반,34,95,63,44,63,85,100
20260617,4반,38,46,61,59,60,48,50
20260618,4반,32,81,60,51,85,75,84
20260619,5반,23,54,82,77,92,51,64
20260620,3반,19,48,51,86,40,100,84
20260621,5반,26,94,89,76,42,51,78
20260622,3반,40,54,80,76,46,99,71
20260623,2반,22,87,44,55,62,60,50
20260624,1반,22,68,40,56,53,55,84
20260625,1반,23,56,90,46,86,40,43
20260626,4반,29,86,66,50,96,66,71
20260627,4반,23,74,64,46,93,70,90
20260628,5반,15,50,68,44,91,94,42
20260629,3반,2,60,56,100,46,44,61
20260630,2반,25,50,86,44,75,100,97
20260631,1반,22,78,79,97,70,85,41
20260632,4반,11,78,96,67,50,43,46
20260633,3반,14,52,66,84,75,86,99
20260634,5반,17,82,58,59,55,46,43
20260635,4반,37,75,93,71,49,43,63
20260636,1반,28,45,58,92,82,80,78
20260637,4반,13,46,41,53,50,80,58
20260638,1반,31,94,47,59,90,65,70
20260639,4반,17,45,81,74,64,51,63
20260640,4반,24,51,68,42,56,68,69
20260641,3반,15,93,57,76,43,49,88
20260642,1반,6,82,62,91,74,66,88
20260643,5반,15,75,43,93,64,92,73
20260644,4반,35,83,95,99,70,76,96
20260645,2반,31,59,45,65,97,94,85
20260646,1반,33,76,97,73,91,76,83
20260647,5반,10,47,100,88,68,51,100
20260648,2반,14,91,52,48,42,67,45
20260649,4반,13,92,80,49,93,78,56
20260650,3반,5,45,64,75,65,75,60
20260651,3반,34,69,98,95,40,90,84
20260652,5반,38,73,90,66,47,66,49
20260653,2반,37,77,77,88,100,46,99
20260654,1반,37,89,46,90,58,95,74
20260655,3반,27,56,64,81,71,76,78
20260656,4반,3,51,57,65,49,79,78
20260657,4반,3,65,96,96,61,84,55
20260658,1반,31,98,57,97,63,41,61
20260659,3반,20,57,93,71,94,84,83
20260660,1반,15,48,59,87,68,89,92
20260661,3반,18,86,66,78,81,45,52
20260662,4반,14,98,92,66,87,71,88
20260663,5반,24,92,43,72,90,50,44
20260664,3반,33,65,48,89,94,73,96
20260665,5반,2,51,52,96,93,52,93
20260666,1반,16,42,69,43,98,63,85
20260667,2반,18,63,92,69,72,65,80
20260668,1반,2,55,63,71,78,68,51
20260669,4반,38,75,62,62,50,93,97
20260670,3반,6,58,41,64,43,50,94
20260671,5반,14,94,54,81,54,83,53
20260672,3반,27,72,41,95,89,89,83
20260673,1반,31,98,48,81,51,78,91
20260674,1반,15,56,78,91,100,59,85
20260675,3반,28,97,64,94,62,69,56
20260676,2반,30,59,83,73,92,79,65
20260677,5반,7,40,72,82,93,93,63
20260678,5반,39,78,58,59,83,46,70
20260679,1반,22,57,80,60,95,57,56
20260680,3반,13,49,73,88,55,97,43
20260681,5반,26,82,60,83,48,86,41
20260682,4반,19,56,98,66,65,64,87
20260683,1반,38,85,76,92,52,61,86
20260684,2반,35,80,90,70,98,100,82
20260685,3반,33,59,94,50,93,82,96
20260686,5반,12,58,46,70,48,87,56
20260687,5반,12,100,83,97,61,81,45
20260688,2반,23,54,87,95,59,66,90
20260689,3반,24,56,77,58,69,94,47
20260690,4반,4,95,80,77,77,100,79
20260691,1반,31,96,52,72,47,95,83
20260692,4반,34,59,66,43,95,94,49
20260693,2반,13,61,66,76,97,98,69
20260694,2반,21,95,85,51,89,45,71
20260695,3반,12,60,80,43,40,68,57
20260696,2반,11,76,88,50,71,90,88
20260697,1반,9,79,67,80,67,65,67
20260698,4반,25,40,42,74,52,86,63
20260699,1반,21,88,93,73,52,41,83
20260700,1반,16,54,84,96,62,59,48
20260701,1반,25,72,77,59,50,44,92
20260702,1반,20,100,58,69,86,73,78
20260703,5반,22,67,96,83,48,61,97
20260704,4반,23,88,52,50,100,98,98
20260705,4반,2,54,54,86,48,53,86
20260706,1반,38,72,50,47,63,85,81
20260707,1반,25,96,80,56,89,74,79
20260708,1반,39,43,82,46,81,93,41
20260709,1반,8,66,68,64,47,75,56
20260710,4반,10,53,84,83,80,40,59
20260711,4반,7,82,73,57,79,78,84
20260712,2반,27,93,97,46,72,86,79
20260713,1반,19,47,90,46,71,52,78
20260714,2반,17,93,73,52,62,85,66
20260715,3반,11,42,75,71,98,53,84
20260716,4반,22,55,40,40,82,45,98
20260717,1반,37,82,71,49,100,45,89
20260718,5반,5,86,86,46,97,56,81
20260719,2반,30,58,56,69,43,46,92
20260720,2반,3,94,58,63,91,83,60
20260721,4반,8,46,94,88,96,42,40
20260722,2반,11,61,62,97,68,79,57
20260723,1반,24,92,61,51,47,65,65
20260724,4반,18,93,64,84,94,70,91
20260725,4반,11,47,48,84,86,43,100
20260726,2반,7,66,98,77,70,91,76
20260727,4반,12,79,64,89,62,79,41
20260728,2반,31,98,71,47,96,66,68
20260729,1반,5,56,81,60,40,85,95
20260730,5반,37,86,76,54,82,95,61
20260731,5반,34,84,84,79,46,67,82
20260732,2반,31,62,82,83,81,64,49
20260733,5반,40,43,40,81,99,50,72
20260734,4반,32,95,50,44,88,71,60
20260735,2반,22,57,43,72,54,75,81
20260736,4반,26,92,55,45,69,68,91
20260737,5반,29,45,94,71,68,60,47
20260738,4반,2,46,65,66,42,75,75
20260739,1반,6,90,78,79,80,59,96
20260740,5반,36,53,81,82,69,100,61
20260741,3반,4,92,54,94,69,61,75
20260742,5반,39,70,85,82,63,85,68
20260743,1반,7,88,82,54,40,61,62
20260744,3반,36,73,63,84,46,42,97
20260745,2반,32,48,92,85,87,86,66
20260746,1반,17,79,52,52,47,99,94
20260747,4반,14,69,92,90,52,85,61
20260748,1반,27,42,99,80,93,83,77
20260749,1반,29,69,82,77,72,48,71
20260750,1반,34,87,43,75,99,67,93
20260751,5반,31,99,72,89,98,98,51
20260752,5반,12,86,92,48,46,64,82
20260753,5반,39,96,60,72,96,64,66
20260754,5반,16,57,65,61,58,68,91
20260755,2반,9,66,78,84,96,87,72
20260756,3반,36,95,60,85,87,99,75
20260757,2반,13,53,79,85,58,83,62
20260758,2반,12,72,74,84,80,60,85
20260759,1반,23,75,70,77,76,100,82
20260760,4반,35,58,96,94,67,91,40
20260761,5반,7,41,64,49,43,82,43
20260762,2반,18,88,90,50,58,83,56
20260763,2반,4,84,90,58,53,88,74
20260764,1반,23,92,68,46,79,95,83
20260765,5반,15,87,81,75,64,55,72
20260766,3반,4,99,64,64,66,90,83
20260767,3반,36,43,40,87,56,52,79
20260768,4반,15,98,80,85,85,81,63
20260769,5반,35,87,78,52,89,86,52
20260770,3반,29,51,83,44,51,51,87
20260771,5반,8,64,42,67,57,75,56
20260772,2반,11,77,94,56,40,61,69
20260773,2반,3,49,99,60,78,43,89
20260774,5반,20,71,90,76,75,62,44
20260775,3반,34,54,51,73,44,90,72
20260776,2반,27,74,74,65,45,62,54
20260777,2반,22,61,63,58,53,100,88
20260778,5반,34,70,75,92,88,81,40
20260779,1반,23,68,55,97,81,79,98
20260780,5반,16,42,83,96,60,64,98
20260781,1반,25,56,74,86,58,41,98
20260782,5반,24,72,91,72,68,71,42
20260783,3반,13,60,72,45,100,46,50
20260784,5반,35,40,80,44,53,82,80
20260785,2반,28,93,46,53,74,93,84
20260786,4반,5,87,83,49,41,69,85
20260787,3반,3,45,44,43,51,90,56
20260788,5반,5,76,92,54,98,56,66
20260789,4반,29,80,65,67,60,41,64
20260790,1반,35,40,81,86,79,44,88
20260791,5반,3,84,94,44,62,99,72
20260792,1반,19,90,83,59,78,45,58
20260793,4반,25,65,92,82,41,70,50
20260794,5반,15,48,87,65,90,91,94
20260795,5반,19,80,49,59,83,96,98
20260796,3반,1,75,95,75,49,47,42
20260797,1반,37,78,65,74,75,100,45
20260798,3반,14,87,87,97,86,62,53
20260799,4반,33,49,50,51,54,79,93
20260800,3반,13,47,51,82,91,76,94
20260801,1반,36,69,81,75,44,58,82
20260802,1반,17,46,52,86,77,71,100
20260803,3반,23,48,82,81,55,46,58
20260804,5반,5,97,52,60,71,68,61
20260805,5반,20,84,77,49,76,76,63
20260806,3반,28,50,40,60,55,90,54
20260807,4반,18,93,63,48,83,86,61
20260808,4반,30,68,62,89,59,71,75
20260809,1반,12,81,78,45,93,57,94
20260810,2반,35,52,56,86,96,80,44
20260811,1반,2,94,72,80,41,92,77
20260812,5반,26,89,77,53,98,42,75
20260813,3반,35,97,74,70,81,89,49
20260814,3반,26,54,97,89,77,86,94
20260815,3반,9,69,72,72,45,65,63
20260816,5반,1,82,55,94,91,79,83
20260817,2반,33,48,68,50,51,76,100
20260818,5반,10,87,86,70,100,62,42
20260819,2반,32,54,44,56,63,54,42
20260820,2반,34,98,90,63,64,70,98
20260821,4반,3,42,81,60,46,85,73
20260822,3반,17,77,74,76,51,64,81
20260823,4반,24,77,81,97,93,44,73
20260824,3반,25,98,54,73,65,62,92
20260825,3반,32,90,70,96,78,40,72
20260826,2반,29,50,54,44,72,81,57
20260827,2반,10,51,50,63,78,85,92
20260828,1반,15,66,91,61,86,47,70
20260829,4반,31,53,77,50,81,93,66
20260830,1반,16,42,48,76,77,50,48
20260831,5반,3,97,76,49,43,50,56
20260832,2반,34,65,78,76,80,41,96
20260833,3반,6,53,68,78,70,95,70
20260834,2반,15,93,66,78,49,90,77
20260835,2반,40,82,72,56,50,86,83
20260836,3반,30,78,77,44,54,64,64
20260837,2반,7,41,52,73,95,98,72
20260838,4반,10,78,46,51,70,97,79
20260839,5반,3,96,90,74,72,88,47
20260840,1반,31,82,48,97,78,74,92
20260841,1반,28,73,66,63,95,42,84
20260842,5반,28,54,100,91,70,90,89
20260843,4반,23,77,91,87,98,88,93
20260844,5반,7,67,48,56,70,89,54
20260845,1반,19,78,96,74,66,56,52
20260846,1반,1,76,73,47,73,40,64
20260847,2반,21,66,63,46,49,67,81
20260848,5반,17,56,94,74,67,76,63
20260849,5반,18,83,65,88,53,66,75
20260850,5반,31,51,63,75,75,70,56
20260851,3반,37,62,89,85,65,87,48
20260852,1반,15,68,90,84,100,50,46
20260853,2반,33,65,90,61,91,75,79
20260854,1반,11,64,80,40,91,45,92
20260855,2반,31,99,78,67,45,44,56
20260856,2반,24,45,78,42,86,64,99
20260857,4반,40,81,73,58,85,78,43
20260858,2반,32,68,40,52,94,82,99
20260859,5반,19,52,42,90,78,72,73
20260860,2반,40,50,83,42,63,55,81
20260861,1반,11,45,57,89,65,62,82
20260862,4반,26,77,52,73,40,87,85
20260863,1반,6,75,58,86,93,75,98
20260864,5반,23,62,92,57,54,78,52
20260865,4반,26,76,40,56,51,66,72
20260866,1반,36,44,72,58,61,100,47
20260867,5반,17,96,74,92,90,76,56
20260868,4반,25,76,70,89,55,88,61
20260869,4반,30,97,77,95,41,70,47
20260870,3반,5,64,80,90,54,83,84
20260871,2반,21,66,62,73,74,40,84
20260872,3반,16,58,45,65,83,87,92
20260873,3반,5,75,99,51,70,60,62
20260874,2반,37,57,51,100,87,83,99
20260875,2반,32,87,52,55,87,55,95
20260876,3반,14,54,52,93,55,93,79
20260877,3반,10,89,46,47,98,45,83
20260878,4반,40,40,88,94,74,42,94
20260879,4반,24,79,60,71,97,96,97
20260880,5반,18,71,51,88,98,72,57
20260881,4반,15,88,76,48,43,73,91
20260882,4반,31,100,74,42,72,62,65
20260883,2반,30,47,84,73,69,60,84
20260884,1반,1,83,53,64,77,46,60
20260885,3반,40,95,56,51,75,56,55
20260886,3반,31,79,61,63,51,71,67
20260887,2반,27,84,88,63,63,94,65
20260888,3반,29,51,76,48,76,83,54
20260889,1반,18,91,55,75,67,94,64
20260890,2반,10,91,87,49,70,91,40
20260891,2반,27,71,48,97,94,80,73
20260892,5반,21,90,71,59,56,75,94
20260893,5반,4,65,46,84,50,43,53
20260894,3반,31,93,80,46,68,87,61
20260895,3반,24,63,75,75,99,91,56
20260896,3반,2,66,47,62,95,83,78
20260897,2반,37,76,81,81,74,51,89
20260898,3반,23,60,83,72,71,89,87
20260899,4반,6,64,79,58,69,80,49
20260900,2반,22,66,80,79,76,65,94
20260901,1반,6,50,61,54,60,60,81
20260902,3반,18,78,81,65,57,96,68
20260903,3반,38,73,68,66,50,51,94
20260904,1반,9,86,55,82,56,100,87
20260905,1반,14,50,65,46,46,44,99
20260906,4반,36,43,41,89,65,73,88
20260907,1반,7,56,79,49,45,81,99
20260908,4반,20,54,55,87,58,68,80
20260909,2반,9,73,93,50,41,42,82
20260910,3반,21,95,70,69,95,74,99
20260911,3반,36,68,48,100,84,74,51
20260912,5반,39,69,80,87,80,96,76
20260913,4반,34,80,80,74,59,98,62
20260914,4반,35,54,91,45,68,59,63
20260915,4반,17,49,59,40,40,73,92
20260916,2반,23,58,70,74,40,84,99
20260917,4반,31,59,40,89,67,91,58
20260918,5반,15,90,40,75,63,52,66
20260919,5반,28,65,55,50,85,87,81
20260920,4반,25,54,56,45,67,80,55
20260921,5반,40,91,84,83,57,58,81
20260922,5반,18,66,52,94,44,51,48
20260923,3반,8,80,69,79,68,57,84
20260924,5반,32,52,60,41,49,43,74
20260925,1반,12,46,58,57,48,85,68
20260926,1반,15,45,49,40,71,53,61
20260927,4반,20,90,91,71,63,69,84
20260928,1반,22,45,93,88,100,49,43
20260929,3반,26,44,74,70,51,52,97
20260930,3반,25,93,40,47,89,85,55
20260931,4반,29,55,87,42,52,69,87
20260932,1반,34,82,53,70,64,83,59
20260933,3반,11,80,86,42,87,99,75
20260934,5반,8,56,70,80,59,52,63
20260935,1반,14,47,55,80,67,60,40
20260936,2반,18,77,47,65,90,55,40
20260937,1반,38,90,84,70,84,78,49
20260938,3반,6,55,50,71,45,83,79
20260939,3반,4,43,62,81,49,84,74
20260940,1반,9,71,54,60,75,90,81
20260941,3반,29,86,52,41,84,64,62
20260942,2반,17,97,42,71,85,68,75
20260943,3반,35,84,71,52,76,51,74
20260944,3반,21,86,69,57,95,93,78
20260945,5반,11,44,73,49,68,58,92
20260946,3반,35,63,69,40,89,80,72
20260947,4반,12,96,41,79,94,63,89
20260948,5반,16,60,86,44,82,74,92
20260949,4반,13,73,83,71,89,75,49
20260950,5반,19,60,66,81,60,47,46
20260951,5반,5,42,93,100,48,51,95
20260952,1반,13,46,71,52,46,42,76
20260953,4반,32,73,79,84,77,56,43
20260954,3반,15,78,85,44,40,99,98
20260955,2반,32,99,96,93,45,69,91
20260956,1반,24,75,87,100,96,66,92
20260957,3반,4,92,79,57,73,42,86
20260958,1반,20,44,100,53,73,46,46
20260959,2반,35,64,52,52,73,82,55
20260960,5반,12,75,87,75,66,87,46
20260961,5반,23,83,69,84,82,67,96
20260962,1반,11,90,51,75,65,72,61
20260963,2반,35,78,68,99,62,97,60
20260964,5반,21,94,63,66,88,80,67
20260965,3반,39,55,76,74,53,64,89
20260966,5반,17,63,68,68,65,40,86
20260967,1반,19,78,41,73,48,96,59
20260968,1반,20,54,53,94,60,41,89
20260969,3반,36,72,75,76,99,76,49
20260970,1반,3,69,62,49,48,56,63
20260971,5반,16,54,56,91,59,45,76
20260972,4반,37,98,53,86,44,86,60
20260973,4반,12,71,92,97,84,84,76
20260974,1반,39,81,59,42,86,91,76
20260975,4반,6,89,43,98,89,61,62
20260976,4반,27,99,95,47,95,89,54
20260977,5반,1,80,89,80,64,43,59
20260978,5반,3,60,74,76,49,60,72
20260979,2반,10,43,83,86,65,68,88
20260980,5반,37,72,45,54,67,58,90
20260981,4반,10,48,61,45,70,76,87
20260982,1반,36,65,56,45,65,72,67
20260983,2반,9,70,75,52,71,65,81
20260984,5반,13,75,79,87,73,55,55
20260985,1반,18,89,67,60,83,99,76
20260986,1반,8,82,66,67,63,62,52
20260987,3반,23,78,81,41,89,59,50
20260988,3반,40,92,91,68,79,49,68
20260989,1반,15,52,83,63,49,88,86
20260990,1반,8,87,43,55,100,79,99
20260991,2반,19,40,61,84,91,47,59
20260992,4반,31,41,61,53,87,74,53
20260993,2반,35,73,88,56,75,70,79
20260994,2반,2,64,77,97,82,73,42
20260995,3반,11,43,58,52,90,84,79
20260996,3반,4,69,81,100,40,44,64
20260997,3반,24,95,46,41,58,95,96
20260998,4반,15,64,72,85,46,97,60
20260999,4반,39,74,45,51,52,72,69
20261000,5반,2,42,55,99,73,59,61
20261001,4반,26,87,50,41,62,83,62
20261002,3반,20,55,72,57,91,43,80
20261003,3반,25,96,92,41,100,75,100
20261004,3반,15,49,61,97,65,82,48
20261005,1반,25,73,83,79,95,80,83
20261006,2반,27,55,76,49,67,59,98
20261007,5반,22,68,74,48,53,81,48
20261008,5반,35,83,91,52,95,48,59
20261009,5반,9,67,98,89,49,81,99
20261010,5반,11,60,44,75,74,100,86
20261011,1반,12,60,93,96,49,86,41
20261012,3반,27,66,59,68,87,99,92
20261013,3반,10,89,52,46,48,51,41
20261014,5반,40,57,78,76,79,54,78
20261015,2반,15,83,41,62,45,84,89
20261016,4반,9,72,94,78,70,85,81
20261017,3반,12,94,64,71,70,48,50
20261018,2반,15,42,66,88,40,99,57
20261019,4반,15,87,82,52,88,53,44
20261020,2반,29,95,79,71,84,60,95
20261021,4반,16,67,65,89,42,78,87
20261022,4반,21,65,79,100,87,76,78
20261023,5반,34,81,96,85,90,42,73
20261024,1반,29,69,92,96,42,96,55
20261025,5반,35,65,87,42,75,64,73
20261026,1반,13,58,68,65,96,59,89
20261027,3반,30,50,67,58,79,98,43
20261028,5반,10,69,93,81,68,45,86
20261029,5반,8,51,89,77,100,97,84
20261030,5반,9,65,66,60,68,41,51
20261031,4반,38,97,85,97,52,96,69
20261032,1반,17,60,84,81,98,85,90
20261033,2반,8,45,47,85,68,80,63
20261034,1반,34,85,64,86,90,72,79
20261035,2반,25,75,64,42,89,50,98
20261036,3반,37,95,82,95,49,50,95
20261037,2반,12,89,85,43,66,59,59
20261038,4반,19,80,51,47,97,48,52
20261039,1반,40,88,56,40,69,71,94
20261040,4반,35,91,40,78,96,71,55
20261041,2반,38,82,70,69,66,68,45
20261042,5반,39,40,55,96,75,57,79
20261043,5반,14,43,51,49,43,81,62
20261044,1반,10,94,42,82,76,93,78
20261045,3반,22,98,45,43,46,66,51
20261046,2반,19,79,82,84,84,78,76
20261047,5반,12,69,87,77,63,99,42
20261048,1반,20,60,63,97,64,92,44
20261049,4반,36,44,58,70,48,47,84
20261050,3반,22,73,66,73,53,84,53
20261051,5반,4,46,76,86,80,73,45
20261052,4반,39,99,90,85,58,67,78
20261053,3반,17,73,76,79,62,99,48
20261054,5반,37,71,73,86,80,71,71
20261055,2반,40,54,85,58,52,40,47
20261056,1반,30,80,90,47,87,94,53
20261057,5반,27,66,42,61,62,75,91
20261058,2반,1,80,52,84,58,56,90
20261059,1반,20,59,72,75,60,89,40
20261060,1반,22,61,65,86,76,79,41
20261061,2반,13,61,93,61,99,83,70
20261062,4반,3,81,48,70,49,80,69
20261063,5반,22,69,90,92,66,99,87
20261064,1반,34,59,76,86,83,60,75
20261065,5반,2,53,76,83,61,91,98
20261066,3반,5,49,57,93,41,61,64
20261067,5반,11,76,78,64,51,78,47
20261068,3반,21,85,42,57,66,45,71
20261069,2반,24,68,93,100,59,53,73
20261070,3반,12,47,63,90,42,89,52
20261071,1반,29,72,41,91,70,97,72
20261072,2반,13,61,99,70,86,95,73
20261073,3반,21,49,89,95,46,92,100
20261074,5반,9,53,86,42,69,64,85
20261075,5반,8,40,59,99,42,83,94
20261076,5반,6,61,69,96,42,46,73
20261077,3반,2,76,88,59,80,97,53
20261078,3반,13,52,58,57,74,60,89
20261079,4반,8,57,49,50,57,47,40
20261080,5반,36,72,46,53,74,62,75
20261081,3반,18,49,100,85,91,58,76
20261082,2반,11,44,59,79,97,61,74
20261083,4반,4,48,41,70,97,83,43
20261084,1반,25,43,45,67,65,51,85
20261085,5반,38,80,93,84,84,68,79
20261086,3반,20,61,92,52,85,88,82
20261087,5반,6,99,88,88,69,76,48
20261088,1반,30,46,69,59,83,81,85
20261089,4반,31,54,100,54,49,95,97
20261090,5반,17,98,63,65,51,84,98
20261091,3반,21,69,71,41,44,70,47
20261092,3반,31,69,94,50,58,89,62
20261093,5반,37,48,72,46,65,92,85
20261094,1반,21,75,81,44,90,59,74
20261095,4반,26,77,66,55,79,55,75
20261096,2반,31,64,44,61,53,92,84
20261097,5반,28,90,67,76,90,61,74
20261098,2반,12,82,82,44,87,99,85
20261099,5반,32,47,77,78,69,60,75
20261100,1반,29,51,59,65,44,78,46
20261101,5반,25,60,71,81,82,43,45
20261102,2반,9,96,77,97,88,80,91
20261103,1반,10,82,49,68,74,58,64
20261104,5반,37,68,52,53,83,96,60
20261105,3반,37,90,98,83,59,98,100
20261106,4반,23,45,77,40,79,72,65
20261107,2반,19,43,63,97,75,43,40
20261108,5반,23,47,95,58,95,41,55
20261109,4반,38,65,80,60,85,64,65
20261110,4반,28,74,53,82,51,70,48
20261111,2반,36,64,93,99,63,93,66
20261112,2반,19,95,82,48,48,40,44
20261113,1반,10,86,96,71,82,67,48
20261114,1반,9,81,91,66,95,69,97
20261115,5반,28,79,51,69,72,67,75
20261116,4반,25,62,54,51,67,78,40
20261117,5반,32,94,86,55,85,72,57
20261118,4반,35,76,63,42,42,76,70
20261119,3반,8,77,70,84,45,49,86
20261120,5반,18,69,73,45,73,96,79
20261121,1반,16,70,80,87,82,82,44
20261122,5반,38,59,79,43,97,61,74
20261123,1반,31,69,72,97,70,76,86
20261124,3반,27,62,91,58,58,50,42
20261125,5반,20,86,90,76,56,43,80
20261126,4반,38,50,76,43,82,58,91
20261127,5반,2,58,71,45,48,72,44
20261128,3반,17,48,79,57,57,94,56
20261129,1반,8,78,51,98,77,87,49
20261130,4반,24,91,51,56,90,84,55
20261131,4반,12,91,73,95,42,61,45
20261132,2반,39,99,92,49,93,71,88
20261133,4반,25,55,82,68,86,80,50
20261134,2반,37,86,93,62,43,81,56
20261135,1반,4,50,69,65,70,59,70
20261136,5반,15,64,83,85,64,70,56
20261137,2반,34,95,67,40,58,99,91
20261138,4반,25,83,60,73,83,42,46
20261139,5반,23,94,67,79,98,81,94
20261140,3반,22,57,57,91,46,56,81
20261141,5반,26,69,89,83,87,55,86
20261142,5반,13,73,61,83,84,51,60
20261143,5반,1,83,40,93,44,40,66
20261144,1반,34,46,83,68,62,54,86
20261145,3반,17,52,42,41,79,45,43
20261146,5반,14,100,78,80,47,85,47
20261147,1반,39,48,64,82,88,97,81
20261148,5반,12,97,47,84,51,56,58
20261149,4반,5,80,69,99,57,89,67
20261150,3반,17,50,89,44,57,89,43
20261151,4반,25,61,43,56,92,56,51
20261152,4반,5,71,99,52,79,65,51
20261153,4반,7,49,74,89,67,53,79
20261154,1반,29,85,56,46,42,44,44
20261155,5반,17,89,68,41,97,71,49
20261156,1반,3,82,64,57,49,84,61
20261157,4반,37,40,72,85,100,89,71
20261158,4반,28,65,94,86,89,91,90
20261159,1반,35,54,40,64,84,92,89
20261160,4반,8,76,74,99,62,61,83
20261161,3반,26,43,80,81,45,63,74
20261162,3반,6,93,69,88,89,58,81
20261163,2반,12,75,42,64,82,52,59
20261164,4반,7,80,84,62,71,45,96
20261165,4반,13,48,42,52,41,86,77
20261166,2반,32,64,44,90,74,81,59
20261167,4반,35,93,91,68,41,42,61
20261168,1반,22,90,86,42,65,47,53
20261169,5반,30,100,83,95,95,74,49
20261170,5반,15,99,44,42,87,49,71
20261171,1반,31,98,98,79,42,55,84
20261172,2반,1,51,80,43,97,59,92
20261173,1반,30,79,50,93,77,44,92
20261174,1반,8,71,78,91,79,54,44
20261175,2반,28,61,91,93,87,83,65
20261176,3반,8,83,76,74,48,60,93
20261177,2반,3,77,51,61,44,47,57
20261178,2반,27,50,84,63,75,50,68
20261179,2반,38,42,48,46,90,94,80
20261180,5반,25,89,50,41,96,71,45
20261181,1반,1,51,99,45,85,81,77
20261182,3반,27,84,91,90,89,70,84
20261183,2반,14,49,80,57,73,68,66
20261184,2반,12,79,84,42,78,51,85
20261185,4반,40,100,45,80,92,90,59
20261186,3반,27,40,75,55,52,47,73
20261187,1반,40,63,95,88,74,72,54
20261188,4반,14,57,43,52,47,90,49
20261189,4반,32,51,50,82,99,42,43
20261190,3반,19,53,67,56,61,79,91
20261191,4반,3,46,87,43,99,74,51
20261192,2반,2,71,72,47,44,97,55
20261193,4반,38,77,60,66,52,87,83
20261194,3반,15,89,47,60,54,46,55
20261195,4반,13,64,97,54,44,70,77
20261196,4반,4,96,67,49,53,99,79
20261197,4반,12,64,63,48,69,86,52
20261198,3반,18,52,61,48,42,84,76
20261199,1반,18,48,47,94,69,69,66
20261200,2반,22,54,96,58,78,50,90
20261201,5반,11,76,75,94,54,45,66
20261202,5반,32,95,53,77,70,93,69
20261203,3반,1,86,67,87,95,55,55
20261204,3반,28,77,54,97,99,77,100
20261205,2반,37,97,40,66,42,42,70
20261206,5반,3,67,73,65,70,91,91
20261207,1반,29,71,55,45,75,88,40
20261208,4반,14,48,62,58,55,81,45
20261209,1반,31,82,59,50,85,69,94
20261210,5반,38,41,69,69,89,48,95
20261211,4반,12,90,95,63,80,69,85
20261212,1반,5,64,97,84,61,73,42
20261213,3반,28,88,57,84,100,79,74
20261214,5반,14,90,83,45,79,96,61
20261215,1반,33,100,98,83,63,96,43
20261216,1반,25,63,69,79,42,63,63
20261217,2반,36,85,44,75,85,89,53
20261218,2반,22,55,74,47,81,70,87
20261219,5반,14,88,87,88,54,60,62
20261220,3반,33,83,67,57,43,44,63
20261221,3반,29,71,72,73,93,47,70
20261222,5반,35,97,58,68,79,63,91
20261223,1반,13,97,96,69,45,45,65
20261224,2반,19,44,46,50,57,47,84
20261225,2반,32,49,95,53,73,100,80
20261226,1반,19,66,83,74,99,48,70
20261227,3반,27,68,87,81,41,58,52
20261228,1반,2,95,91,54,93,100,73
20261229,3반,27,77,61,81,81,90,60
20261230,4반,38,82,84,73,93,75,68
20261231,4반,20,76,48,97,90,59,50
20261232,3반,15,70,63,58,89,94,43
20261233,2반,23,58,69,50,79,99,50
20261234,5반,19,51,51,93,85,84,97
20261235,2반,11,55,47,42,60,76,48
20261236,4반,17,63,51,53,75,85,42
20261237,3반,23,49,63,68,74,50,74
20261238,3반,8,98,41,65,99,71,89
20261239,2반,30,99,60,49,40,87,74
20261240,5반,22,81,85,58,70,97,58
20261241,5반,10,91,76,86,98,99,68
20261242,3반,8,86,70,97,42,48,83
20261243,5반,8,59,41,65,79,93,54
20261244,4반,23,45,60,43,78,81,52
20261245,5반,34,54,90,99,89,57,52
20261246,1반,6,74,94,68,83,82,45
20261247,5반,26,52,71,60,78,78,72
20261248,1반,24,65,49,85,94,67,63
20261249,4반,24,40,58,62,62,59,68
20261250,5반,6,53,86,96,68,87,66
20261251,4반,19,50,91,86,97,67,86
20261252,4반,9,93,77,78,45,49,53
20261253,3반,31,95,73,61,44,99,77
20261254,4반,6,40,66,80,98,57,66
20261255,2반,36,69,85,76,88,98,48
20261256,2반,12,93,64,58,75,71,42
20261257,3반,38,59,71,75,87,69,54
20261258,1반,1,49,56,59,80,93,80
20261259,4반,8,81,82,97,58,66,51
20261260,4반,16,41,47,88,57,71,44
20261261,5반,24,77,70,76,67,95,56
20261262,4반,8,63,72,86,76,41,94
20261263,3반,11,77,43,49,60,69,96
20261264,2반,23,50,43,57,63,66,80
20261265,3반,4,58,58,73,80,99,44
20261266,5반,13,89,80,51,88,46,78
20261267,2반,35,60,95,60,92,94,83
20261268,3반,18,83,84,84,63,46,74
20261269,5반,23,92,49,40,48,73,58
20261270,3반,32,66,61,98,98,50,46
20261271,2반,10,72,54,93,52,90,97
20261272,5반,40,84,93,100,73,94,74
20261273,5반,8,66,69,98,44,47,92
20261274,2반,2,70,62,59,84,63,48
20261275,4반,39,73,88,61,51,85,59
20261276,1반,8,54,48,94,84,49,84
20261277,2반,20,48,53,48,45,67,84
20261278,1반,5,41,89,70,88,67,42
20261279,2반,7,42,90,82,72,77,43
20261280,4반,8,98,56,42,44,59,82
20261281,1반,7,90,47,98,78,53,77
20261282,2반,12,82,62,41,45,49,94
20261283,3반,38,62,62,50,94,72,89
20261284,5반,16,72,76,44,46,92,77
20261285,1반,34,53,85,52,58,50,97
20261286,5반,1,86,46,99,53,98,72
20261287,4반,24,84,77,51,68,83,46
20261288,2반,23,64,67,53,72,54,66
20261289,1반,21,47,69,47,73,48,71
20261290,3반,19,75,86,42,45,60,71
20261291,1반,25,58,69,78,87,59,83
20261292,4반,15,75,66,58,94,67,52
20261293,1반,31,100,83,63,51,40,83
20261294,4반,7,65,68,73,82,83,45
20261295,1반,10,65,65,84,77,46,87
20261296,2반,5,63,52,61,52,78,94
20261297,4반,8,54,93,67,86,71,57
20261298,5반,38,57,88,90,91,81,100
20261299,4반,23,70,82,78,100,65,71
20261300,5반,18,49,89,69,46,47,56
20261301,4반,32,54,80,100,48,41,46
20261302,1반,5,71,83,41,51,64,78
20261303,3반,10,59,79,79,46,88,44
20261304,5반,32,90,69,52,58,82,71
20261305,4반,33,56,74,61,91,95,74
20261306,5반,2,100,88,42,67,96,98
20261307,1반,25,68,60,94,64,68,69
20261308,1반,3,51,75,82,95,89,59
20261309,2반,32,67,48,59,85,64,71
20261310,1반,37,83,71,82,75,83,74
20261311,5반,31,70,75,94,50,72,43
20261312,4반,17,71,77,64,79,83,62
20261313,3반,21,43,41,77,42,48,93
20261314,3반,23,91,87,77,41,88,97
20261315,3반,25,46,67,62,62,66,62
20261316,1반,16,55,55,81,59,77,45
20261317,1반,20,47,61,50,41,74,60
20261318,1반,30,82,95,67,76,72,97
20261319,4반,18,41,84,70,77,41,60
20261320,4반,37,64,60,76,46,91,71
20261321,1반,14,61,71,72,91,88,82
20261322,3반,11,79,59,63,67,52,71
20261323,1반,35,53,58,56,43,59,76
20261324,4반,15,79,87,45,85,94,77
20261325,1반,38,61,57,44,76,91,73
20261326,4반,28,53,62,90,44,81,92
20261327,3반,33,91,59,67,82,74,60
20261328,2반,27,65,56,79,72,69,82
20261329,5반,12,96,41,80,85,73,95
20261330,2반,37,71,53,82,92,87,100
20261331,4반,18,99,80,74,91,79,94
20261332,4반,37,86,80,43,73,52,63
20261333,4반,10,55,49,87,83,88,59
20261334,4반,27,60,95,93,98,44,80
20261335,2반,27,57,92,58,81,50,56
20261336,5반,16,65,55,47,49,52,41
20261337,2반,20,69,71,75,67,67,81
20261338,1반,13,50,57,48,41,56,90
20261339,3반,36,51,81,94,42,86,71
20261340,1반,4,95,97,45,60,78,59
20261341,1반,27,97,63,82,82,96,45
20261342,4반,9,55,47,76,87,72,99
20261343,1반,34,82,93,77,100,89,99
20261344,5반,17,71,96,45,55,78,47
20261345,3반,22,93,77,87,64,91,87
20261346,2반,28,53,49,46,51,53,57
20261347,4반,27,56,95,77,43,71,74
20261348,3반,8,60,74,67,70,83,55
20261349,3반,10,63,70,85,63,92,59
20261350,1반,39,42,93,87,82,91,100
20261351,1반,16,56,75,64,59,80,84
20261352,3반,8,74,95,55,94,68,64
20261353,1반,26,99,98,56,59,45,99
20261354,2반,20,53,95,96,50,98,68
20261355,3반,27,90,42,57,95,45,92
20261356,4반,31,87,66,99,93,61,85
20261357,4반,7,92,50,84,56,72,44
20261358,3반,27,78,86,92,75,87,60
20261359,4반,2,88,43,81,81,51,80
20261360,4반,9,40,65,52,80,59,60
20261361,5반,6,47,50,55,73,85,89
20261362,2반,39,83,66,90,100,60,68
20261363,4반,9,56,51,83,77,92,60
20261364,3반,13,45,66,63,51,65,96
20261365,4반,37,54,41,100,41,99,75
20261366,5반,15,98,45,69,52,56,84
20261367,2반,4,65,79,67,78,56,49
20261368,1반,24,50,100,76,47,40,85
20261369,5반,28,89,98,99,69,92,83
20261370,4반,8,54,85,53,52,100,95
20261371,3반,19,87,71,64,48,67,94
20261372,2반,39,53,92,58,86,83,52
20261373,4반,12,66,90,49,41,58,56
20261374,2반,40,68,98,55,63,77,83
20261375,4반,6,40,70,48,95,60,84
20261376,4반,14,85,64,85,67,87,78
20261377,3반,5,46,75,43,43,61,99
20261378,2반,31,98,62,78,100,82,91
20261379,5반,3,40,56,72,79,64,59
20261380,4반,24,48,97,75,42,77,51
20261381,3반,11,72,71,99,61,96,69
20261382,2반,6,60,85,73,67,49,56
20261383,1반,21,42,48,71,95,93,57
20261384,3반,28,58,97,96,56,79,93
20261385,3반,34,60,67,97,50,60,87
20261386,4반,10,75,94,99,82,80,91
20261387,4반,4,52,49,43,54,51,42
20261388,4반,17,50,85,69,67,47,97
20261389,4반,3,68,62,85,75,71,69
20261390,4반,8,94,86,95,49,47,62
20261391,1반,14,95,58,51,93,50,87
20261392,5반,18,76,97,82,77,53,77
20261393,1반,34,89,76,51,66,98,44
20261394,2반,32,83,46,96,61,41,58
20261395,1반,26,63,77,99,100,46,93
20261396,3반,10,41,45,69,93,85,82
20261397,4반,30,80,57,78,82,40,61
20261398,1반,40,100,68,60,100,86,86
20261399,5반,9,53,95,43,91,81,58
20261400,3반,4,87,44,75,100,78,64
20261401,1반,26,56,51,55,89,95,65
20261402,1반,2,94,53,50,64,89,65
20261403,3반,10,47,59,71,91,67,87
20261404,3반,39,48,62,82,46,93,63
20261405,5반,13,71,68,96,64,70,57
20261406,5반,39,67,45,88,67,91,63
20261407,5반,12,67,80,67,45,42,72
20261408,3반,30,83,54,81,83,85,49
20261409,4반,34,80,81,73,45,58,69
20261410,4반,6,98,91,70,59,49,48
20261411,3반,16,73,67,58,76,43,75
20261412,1반,3,72,46,72,67,66,46
20261413,4반,37,92,56,62,56,77,45
20261414,5반,2,47,87,82,69,51,90
20261415,2반,26,42,45,66,96,85,59
20261416,3반,38,86,69,88,82,68,79
20261417,3반,22,98,95,91,51,53,51
20261418,1반,39,56,95,83,46,67,74
20261419,1반,1,65,47,40,50,81,70
20261420,4반,26,95,82,87,78,86,71
20261421,3반,40,92,79,63,84,83,84
20261422,4반,20,45,48,48,40,52,47
20261423,1반,13,94,41,53,70,81,49
20261424,2반,28,93,80,94,90,74,52
20261425,1반,20,89,69,49,70,67,41
20261426,1반,11,97,49,87,84,68,71
20261427,4반,2,95,68,77,55,52,58
20261428,5반,26,43,61,40,46,80,94
20261429,4반,27,94,71,87,77,78,86
20261430,5반,19,42,71,65,71,72,77
20261431,5반,32,54,85,43,73,41,67
20261432,5반,21,75,44,57,97,81,66
20261433,4반,8,71,79,100,81,62,68
20261434,4반,2,50,58,86,52,70,62
20261435,4반,15,72,54,77,98,83,61
20261436,5반,30,48,96,58,86,85,64
20261437,4반,24,90,70,91,94,50,79
20261438,2반,19,84,87,45,82,70,48
20261439,2반,13,50,78,71,46,90,66
20261440,4반,20,55,53,75,43,41,62
20261441,3반,23,83,50,51,92,95,97
20261442,5반,3,91,44,61,67,47,79
20261443,2반,8,75,54,71,56,61,90
20261444,3반,3,89,96,75,57,97,49
20261445,5반,39,82,46,85,43,99,100
20261446,4반,30,93,88,47,46,90,79
20261447,5반,7,92,75,42,72,46,50
20261448,1반,14,98,63,50,86,58,85
20261449,4반,33,71,86,95,46,49,81
20261450,3반,22,92,48,47,94,52,68
20261451,4반,1,55,93,91,70,61,58
20261452,5반,11,45,57,63,85,88,66
20261453,3반,16,49,88,88,73,66,90
20261454,2반,9,91,67,66,98,66,97
20261455,4반,34,90,83,63,100,41,68
20261456,2반,1,85,91,73,100,44,45
20261457,3반,21,65,89,50,67,43,65
20261458,1반,10,97,76,43,80,85,91
20261459,5반,19,66,65,96,83,84,75
20261460,3반,21,98,62,40,92,57,97
20261461,5반,40,98,49,84,65,68,81
20261462,2반,35,79,90,79,81,68,84
20261463,3반,26,89,52,96,59,45,42
20261464,5반,22,64,86,86,87,96,48
20261465,5반,35,58,53,45,72,75,59
20261466,5반,22,88,80,50,41,41,96
20261467,5반,38,56,55,93,89,59,86
20261468,4반,33,47,86,43,93,63,56
20261469,5반,23,47,43,88,81,100,47
20261470,4반,20,76,87,40,69,61,55
20261471,5반,37,85,97,100,80,82,74
20261472,5반,15,62,59,58,82,90,92
20261473,5반,9,85,64,73,87,55,46
20261474,3반,34,77,52,92,89,63,69
20261475,1반,10,85,67,93,66,45,45
20261476,1반,28,96,48,70,53,68,44
20261477,3반,34,65,77,75,73,89,65
20261478,3반,38,71,80,67,68,84,99
20261479,4반,27,92,50,49,72,48,71
20261480,4반,9,85,72,95,73,47,84
20261481,2반,30,70,42,87,50,100,75
20261482,3반,8,78,94,66,47,47,63
20261483,5반,19,42,73,49,47,63,59
20261484,3반,20,58,71,41,90,49,49
20261485,5반,27,43,99,97,59,96,58
20261486,2반,12,92,87,71,40,47,75
20261487,3반,5,95,42,66,70,76,59
20261488,5반,29,97,61,90,64,70,93
20261489,5반,9,88,48,72,80,69,88
20261490,4반,29,49,95,86,60,45,91
20261491,5반,40,66,64,54,97,65,61
20261492,5반,3,82,96,68,87,57,81
20261493,1반,11,85,41,76,80,90,89
20261494,3반,36,81,47,81,75,45,52
20261495,5반,35,76,88,43,76,73,52
20261496,4반,33,97,41,47,82,99,74
20261497,2반,2,57,90,53,55,93,85
20261498,5반,29,45,91,74,78,60,65
20261499,5반,3,71,95,99,41,61,67
20261500,2반,27,41,95,73,60,64,56
20261501,1반,8,46,74,50,58,49,51
20261502,3반,6,49,59,100,66,83,50
20261503,1반,40,60,51,41,85,43,59
20261504,4반,7,60,49,66,97,60,56
20261505,4반,8,43,52,55,88,78,77
20261506,2반,32,72,88,72,64,100,47
20261507,3반,4,60,69,75,66,44,70
20261508,1반,27,80,54,98,96,41,57
20261509,5반,38,83,46,55,88,75,81
20261510,2반,20,76,66,68,45,94,80
20261511,5반,14,90,49,63,74,50,90
20261512,2반,35,100,67,98,75,68,42
20261513,1반,30,93,79,58,81,50,40
20261514,1반,31,57,78,56,93,83,64
20261515,3반,14,77,93,72,58,42,50
20261516,5반,37,44,59,45,65,84,47
20261517,2반,36,57,96,67,53,79,72
20261518,3반,22,80,56,88,85,68,57
20261519,2반,21,61,53,69,78,61,41
20261520,2반,1,78,70,40,97,40,83
20261521,2반,27,75,97,84,85,71,88
20261522,4반,35,45,90,96,81,81,44
20261523,5반,2,97,93,92,82,68,83
20261524,1반,23,92,64,92,78,62,64
20261525,2반,1,47,69,63,99,52,68
20261526,1반,15,87,41,88,57,83,98
20261527,3반,13,45,92,79,80,59,91
20261528,2반,15,71,63,42,57,71,97
20261529,5반,14,40,52,92,80,65,47
20261530,3반,37,72,71,50,75,52,82
20261531,5반,39,76,51,44,77,48,87
20261532,1반,9,56,99,76,94,54,96
20261533,5반,18,52,94,83,41,84,83
20261534,5반,40,56,83,75,96,69,40
20261535,4반,4,94,100,60,67,94,66
20261536,3반,8,83,73,69,71,63,73
20261537,1반,15,43,57,98,66,74,68
20261538,3반,1,65,52,61,45,96,76
20261539,1반,15,84,67,44,98,55,52
20261540,2반,22,59,44,80,80,46,41
20261541,4반,28,91,41,77,91,80,99
20261542,3반,17,55,46,70,55,61,93
20261543,1반,22,73,90,55,100,44,89
20261544,5반,40,68,88,46,80,68,77
20261545,1반,6,43,98,42,64,60,96
20261546,1반,9,43,98,91,68,43,59
20261547,5반,28,44,46,83,43,75,43
20261548,3반,25,65,46,79,88,66,54
20261549,5반,40,40,69,64,69,90,67
20261550,5반,40,46,61,81,100,83,90
20261551,1반,30,73,61,77,52,46,46
20261552,1반,39,85,44,77,90,93,52
20261553,5반,9,80,72,56,62,66,70
20261554,5반,29,51,55,48,91,42,43
20261555,2반,20,77,67,72,81,88,62
20261556,3반,38,96,74,89,49,49,70
20261557,3반,39,61,58,63,40,73,77
20261558,2반,4,55,72,92,93,75,94
20261559,1반,28,62,52,52,80,98,52
20261560,1반,22,52,82,70,84,84,69
20261561,5반,22,94,77,76,61,79,59
20261562,4반,22,50,46,69,96,90,98
20261563,1반,32,54,98,40,80,54,84
20261564,2반,30,79,53,55,70,87,89
20261565,3반,25,53,65,51,92,40,63
20261566,1반,5,62,41,75,47,49,58
20261567,4반,13,80,77,98,88,63,42
20261568,1반,13,52,58,51,54,96,56
20261569,2반,22,94,75,55,51,52,41
20261570,2반,17,98,46,41,93,83,48
20261571,4반,8,61,99,53,59,69,55
20261572,3반,24,82,50,100,73,91,79
20261573,4반,5,47,49,96,99,48,90
20261574,2반,13,74,64,84,63,60,78
20261575,4반,16,98,42,88,79,77,52
20261576,5반,19,90,49,60,55,43,80
20261577,3반,9,94,72,77,96,71,53
20261578,1반,31,90,82,79,44,50,72
20261579,4반,33,63,71,73,69,51,60
20261580,3반,34,84,70,85,71,70,57
20261581,5반,26,80,98,90,77,81,42
20261582,2반,15,97,52,68,95,55,65
20261583,2반,20,67,96,64,76,50,99
20261584,3반,17,75,45,48,88,45,58
20261585,4반,34,62,54,77,42,69,72
20261586,5반,22,67,68,69,67,66,63
20261587,4반,21,57,64,41,51,68,54
20261588,3반,5,62,97,45,58,93,72
20261589,5반,35,81,45,90,57,99,54
20261590,1반,8,44,63,42,74,52,61
20261591,2반,22,56,59,87,92,89,83
20261592,3반,13,85,78,48,94,88,85
20261593,5반,17,40,89,59,58,92,62
20261594,4반,26,92,77,88,81,40,70
20261595,5반,10,95,65,54,54,86,87
20261596,2반,31,54,73,77,90,75,88
20261597,4반,30,61,90,45,60,94,52
20261598,4반,27,53,68,68,94,75,41
20261599,3반,9,76,95,48,59,100,87
20261600,1반,32,91,82,93,62,61,54
20261601,4반,28,83,88,65,88,89,84
20261602,5반,20,60,77,41,76,90,42
20261603,2반,10,100,61,76,80,91,78
20261604,5반,37,95,65,64,53,100,65
20261605,1반,35,64,52,70,46,61,76
20261606,4반,20,45,50,46,83,75,51
20261607,1반,39,71,41,51,52,44,98
20261608,4반,19,53,54,58,82,73,44
20261609,4반,4,63,73,40,50,60,95
20261610,4반,26,50,47,48,74,66,70
20261611,1반,25,97,95,53,48,95,53
20261612,3반,28,92,85,82,70,50,78
20261613,5반,20,77,52,72,85,83,69
20261614,3반,13,40,49,68,44,92,65
20261615,5반,16,73,61,98,76,96,71
20261616,4반,30,76,42,87,45,58,81
20261617,4반,23,84,93,85,90,59,65
20261618,5반,12,66,55,51,97,79,86
20261619,4반,30,64,98,82,51,84,76
20261620,1반,26,84,100,42,55,96,95
20261621,2반,18,96,80,74,58,82,98
20261622,1반,14,98,71,66,88,75,47
20261623,3반,5,88,46,72,89,89,60
20261624,4반,29,50,56,53,72,42,69
20261625,1반,5,80,84,83,87,69,64
20261626,3반,26,94,52,65,42,40,56
20261627,1반,9,60,82,87,69,71,69
20261628,1반,6,75,82,55,85,100,68
20261629,2반,31,92,57,93,50,50,93
20261630,1반,39,46,51,58,47,74,87
20261631,4반,11,44,82,88,40,83,57
20261632,2반,29,62,51,53,85,42,97
20261633,5반,14,68,84,43,93,80,91
20261634,5반,7,64,84,59,68,43,78
20261635,1반,4,89,64,89,52,99,55
20261636,3반,16,52,45,41,66,41,40
20261637,3반,13,83,82,44,54,96,46
20261638,2반,11,42,66,72,46,92,60
20261639,3반,36,80,52,79,53,99,74
20261640,4반,28,47,54,53,46,62,60
20261641,2반,1,65,81,60,40,64,53
20261642,4반,15,44,82,92,57,81,79
20261643,3반,3,44,96,53,66,59,89
20261644,5반,32,46,85,74,90,99,94
20261645,5반,11,56,46,78,60,80,84
20261646,4반,9,61,51,80,88,96,84
20261647,3반,31,44,61,41,78,98,77
20261648,4반,25,72,80,87,54,72,77
20261649,1반,15,41,79,88,97,47,59
20261650,2반,28,88,55,79,45,43,48
20261651,3반,32,58,52,49,64,53,81
20261652,1반,16,99,86,78,100,68,87
20261653,3반,9,57,60,81,90,88,42
20261654,5반,27,81,92,58,88,41,54
20261655,3반,22,55,53,74,43,98,98
20261656,2반,15,78,95,64,73,60,51
20261657,4반,1,44,95,71,44,52,43
20261658,2반,14,48,45,51,77,75,93
20261659,2반,16,72,45,67,86,69,59
20261660,2반,13,55,67,51,78,55,59
20261661,3반,37,68,80,52,57,95,90
20261662,4반,6,100,63,65,64,50,70
20261663,4반,28,72,79,87,67,88,49
20261664,4반,2,88,64,67,94,45,88
20261665,3반,39,74,49,75,86,51,56
20261666,4반,30,59,69,58,64,75,78
20261667,4반,5,61,48,85,70,52,49
20261668,2반,1,40,95,72,86,86,63
20261669,4반,26,99,66,100,65,87,63
20261670,4반,32,59,81,77,44,66,96
20261671,1반,8,64,99,76,50,52,88
20261672,4반,17,89,98,88,86,62,72
20261673,4반,24,84,43,81,64,99,67
20261674,2반,16,70,42,98,92,63,80
20261675,1반,10,56,78,69,100,83,49
20261676,3반,16,78,77,100,82,93,50
20261677,1반,8,89,45,81,85,98,64
20261678,4반,38,97,45,73,98,52,96
20261679,4반,11,93,67,56,84,59,72
20261680,5반,25,77,59,86,66,88,96
20261681,1반,7,80,76,89,91,62,92
20261682,2반,18,87,53,99,87,65,84
20261683,3반,1,50,92,71,40,46,44
20261684,4반,34,66,81,58,86,67,50
20261685,2반,24,51,85,48,52,71,51
20261686,5반,8,68,76,92,53,51,52
20261687,1반,12,91,88,52,56,97,95
20261688,4반,29,80,98,79,46,95,80
20261689,2반,6,58,45,64,47,57,44
20261690,3반,2,77,55,70,71,83,88
20261691,1반,1,43,57,88,40,82,77
20261692,1반,7,53,73,90,40,64,78
20261693,5반,18,99,71,70,88,61,78
20261694,4반,22,63,83,96,61,60,92
20261695,2반,24,82,65,64,79,43,62
20261696,3반,7,40,69,95,84,65,86
20261697,2반,2,78,47,95,73,57,100
20261698,2반,24,68,79,83,82,95,70
20261699,5반,27,82,52,40,80,100,92
20261700,3반,2,80,63,95,42,91,87
20261701,3반,29,54,78,71,65,87,79
20261702,1반,23,67,100,99,100,99,70
20261703,1반,25,58,78,52,85,49,95
20261704,5반,37,90,94,85,72,42,48
20261705,4반,6,59,93,83,75,95,69
20261706,2반,29,47,70,82,74,55,55
20261707,2반,11,88,100,82,84,45,46
20261708,4반,2,50,99,99,60,97,64
20261709,3반,15,86,56,82,70,100,97
20261710,1반,9,99,74,80,86,71,45
20261711,3반,15,99,76,89,99,78,44
20261712,3반,25,98,85,87,87,86,64
20261713,5반,28,91,54,54,56,47,58
20261714,1반,8,45,61,87,77,99,52
20261715,1반,37,63,48,94,60,64,76
20261716,1반,20,43,77,74,52,94,64
20261717,4반,21,89,63,91,83,99,90
20261718,2반,34,82,78,77,54,46,65
20261719,1반,35,94,69,60,49,92,100
20261720,3반,15,71,83,69,49,78,58
20261721,2반,3,78,60,59,72,84,47
20261722,3반,37,70,80,93,53,71,58
20261723,4반,4,91,61,49,92,85,53
20261724,2반,4,99,95,89,51,94,71
20261725,4반,20,92,82,98,94,50,41
20261726,5반,26,61,67,83,70,62,88
20261727,4반,26,44,73,86,58,58,84
20261728,2반,36,65,46,48,60,88,90
20261729,5반,4,94,99,85,59,69,81
20261730,2반,37,48,68,84,70,58,97
20261731,2반,14,53,91,87,52,87,81
20261732,1반,24,86,94,76,46,83,90
20261733,2반,25,100,67,83,93,50,99
20261734,1반,7,62,70,51,100,43,47
20261735,5반,22,77,67,49,80,86,65
20261736,2반,3,47,55,65,71,59,84
20261737,5반,12,81,87,64,89,84,90
20261738,1반,30,95,92,81,64,57,80
20261739,4반,24,40,47,47,45,47,71
20261740,5반,15,41,77,76,76,70,57
20261741,1반,38,51,64,70,81,84,67
20261742,3반,37,48,46,60,44,85,98
20261743,5반,12,65,92,84,41,65,75
20261744,5반,34,71,44,73,93,77,74
20261745,1반,14,82,97,47,51,95,78
20261746,2반,1,75,68,91,60,47,42
20261747,2반,37,53,81,50,45,75,56
20261748,1반,6,47,72,59,63,74,50
20261749,4반,1,55,59,42,100,100,73
20261750,3반,35,68,48,76,71,84,60
20261751,5반,23,78,74,72,53,84,46
20261752,1반,16,42,52,49,59,94,93
20261753,2반,9,78,75,53,77,62,57
20261754,2반,40,67,44,75,56,56,64
20261755,2반,26,69,45,100,56,83,67
20261756,2반,35,53,44,80,86,57,80
20261757,2반,24,76,82,81,92,72,78
20261758,2반,27,92,49,60,90,67,64
20261759,1반,39,55,44,57,47,74,47
20261760,5반,27,44,61,80,45,63,98
20261761,3반,18,49,95,91,54,57,40
20261762,1반,25,54,64,100,46,90,99
20261763,1반,12,73,86,96,59,77,92
20261764,4반,7,73,62,84,76,95,58
20261765,5반,18,78,46,97,43,50,60
20261766,4반,12,62,91,87,83,90,74
20261767,5반,39,96,94,65,70,77,48
20261768,3반,1,83,72,85,49,82,48
20261769,2반,25,76,87,57,43,98,86
20261770,3반,16,83,78,66,85,69,51
20261771,4반,23,91,69,72,58,57,100
20261772,4반,34,100,85,96,99,92,54
20261773,3반,6,100,59,66,89,60,94
20261774,1반,6,44,86,55,100,45,50
20261775,5반,4,45,87,58,75,99,71
20261776,1반,28,83,72,99,86,48,70
20261777,4반,33,83,83,96,74,84,47
20261778,4반,1,79,52,98,93,87,40
20261779,4반,35,87,62,55,87,82,100
20261780,5반,39,42,78,68,50,83,99
20261781,5반,15,51,44,63,93,48,72
20261782,3반,4,67,71,64,50,63,47
20261783,3반,16,93,74,94,89,94,47
20261784,3반,20,70,58,56,53,40,87
20261785,5반,26,53,99,59,99,99,81
20261786,5반,3,99,69,97,79,94,71
20261787,1반,23,40,79,69,61,59,62
20261788,1반,1,62,96,86,51,65,62
20261789,1반,7,67,71,52,45,73,72
20261790,2반,27,47,98,71,40,49,89
20261791,3반,15,70,65,63,59,63,67
20261792,2반,35,91,57,46,68,82,93
20261793,4반,11,48,62,87,67,40,62
20261794,2반,8,52,58,42,48,65,66
20261795,3반,3,50,82,52,100,70,82
20261796,3반,8,66,71,75,71,91,83
20261797,2반,21,88,88,89,96,65,72
20261798,4반,9,47,46,90,41,48,49
20261799,3반,33,40,89,83,55,43,83
20261800,3반,28,78,87,40,67,70,58
20261801,3반,32,45,88,67,55,79,49
20261802,5반,12,55,57,89,47,95,56
20261803,2반,28,52,70,85,90,91,46
20261804,5반,40,51,52,94,77,80,80
20261805,2반,15,47,48,65,42,57,52
20261806,2반,28,41,79,52,45,95,43
20261807,4반,27,73,59,84,80,54,54
20261808,3반,28,70,43,72,67,81,43
20261809,3반,8,57,63,57,100,62,85
20261810,4반,16,60,97,43,51,42,40
20261811,1반,21,53,58,70,57,98,78
20261812,1반,28,51,56,100,71,63,61
20261813,3반,8,46,82,40,83,75,89
20261814,2반,22,63,87,91,63,87,89
20261815,5반,34,78,63,55,81,57,53
20261816,5반,25,45,96,46,48,80,87
20261817,5반,8,42,77,98,96,81,92
20261818,2반,13,85,68,99,46,44,100
20261819,5반,40,61,59,86,70,88,52
20261820,5반,10,42,48,52,66,75,85
20261821,3반,36,62,97,63,68,80,85
20261822,1반,28,44,70,66,73,99,100
20261823,5반,2,50,78,57,84,48,58
20261824,1반,37,43,90,84,52,87,92
20261825,4반,32,83,74,95,72,44,50
20261826,4반,33,64,75,89,64,65,78
20261827,3반,14,51,40,50,76,53,77
20261828,1반,33,69,72,85,86,73,56
20261829,3반,15,58,85,57,75,47,50
20261830,2반,3,74,55,58,42,80,49
20261831,3반,9,57,95,90,43,81,55
20261832,2반,35,47,40,81,62,80,78
20261833,3반,21,45,100,85,96,75,56
20261834,2반,27,97,79,58,60,43,80
20261835,1반,23,54,86,57,51,56,41
20261836,5반,38,46,86,87,84,64,100
20261837,3반,39,75,53,92,68,54,60
20261838,3반,14,77,80,91,94,88,65
20261839,2반,29,54,86,86,67,63,49
20261840,4반,6,71,51,69,51,92,95
20261841,2반,13,76,71,100,86,51,81
20261842,3반,2,59,50,96,51,92,65
20261843,5반,13,44,49,44,67,55,69
20261844,4반,7,86,73,48,86,88,91
20261845,1반,39,46,64,64,41,47,92
20261846,1반,3,48,55,89,45,57,49
20261847,5반,1,90,40,90,46,74,87
20261848,3반,6,52,48,70,88,76,97
20261849,4반,11,59,61,70,49,55,43
20261850,5반,18,80,74,47,41,92,42
20261851,1반,35,58,46,72,96,93,66
20261852,2반,1,98,54,41,54,67,64
20261853,2반,23,81,58,54,98,96,83
20261854,4반,8,71,50,47,54,46,58
20261855,3반,5,79,61,47,63,99,99
20261856,1반,3,78,49,51,67,73,61
20261857,5반,12,83,67,49,97,82,83
20261858,3반,40,92,58,62,96,46,57
20261859,4반,24,99,56,91,98,85,91
20261860,1반,1,95,99,49,89,81,49
20261861,3반,10,64,68,86,90,90,70
20261862,1반,8,76,67,86,57,49,45
20261863,3반,9,51,89,64,62,60,71
20261864,4반,31,84,66,78,90,80,61
20261865,2반,16,64,66,75,71,74,74
20261866,4반,35,74,92,54,64,45,77
20261867,4반,34,76,89,84,91,87,54
20261868,1반,16,63,40,53,94,41,63
20261869,5반,31,48,98,47,43,98,62
20261870,3반,9,58,69,49,93,94,75
20261871,4반,16,53,92,54,43,87,48
20261872,1반,10,64,86,41,84,67,63
20261873,1반,7,82,77,44,70,93,78
20261874,2반,2,49,63,49,45,55,44
20261875,1반,37,93,92,66,49,88,51
20261876,4반,9,87,73,84,100,59,70
20261877,4반,22,68,90,81,84,40,58
20261878,1반,10,43,96,81,42,78,88
20261879,2반,33,50,40,65,93,67,83
20261880,4반,36,85,93,56,98,76,72
20261881,3반,15,67,99,50,57,45,73
20261882,4반,9,87,53,65,79,43,54
20261883,4반,12,92,87,75,78,93,44
20261884,4반,31,60,81,81,65,92,64
20261885,2반,4,91,63,81,67,52,57
20261886,1반,7,44,63,78,89,94,61
20261887,1반,16,58,50,74,46,44,53
20261888,5반,1,88,98,59,52,75,52
20261889,1반,16,57,45,76,76,42,76
20261890,4반,3,43,60,45,100,59,40
20261891,3반,19,65,72,52,60,88,65
20261892,3반,9,84,83,46,61,66,97
20261893,5반,7,72,91,89,49,41,77
20261894,4반,31,77,95,94,42,58,50
20261895,2반,30,45,96,80,45,100,85
20261896,2반,14,91,83,81,49,89,85
20261897,2반,33,73,86,78,81,73,99
20261898,3반,29,90,48,61,58,63,79
20261899,4반,3,97,85,89,83,64,55
20261900,2반,40,78,44,49,76,80,71
20261901,1반,1,49,89,95,59,75,95
20261902,1반,32,46,69,60,50,99,58
20261903,2반,5,57,76,63,62,45,44
20261904,2반,30,56,70,56,88,96,68
20261905,2반,8,76,71,42,63,94,58
20261906,4반,27,94,79,98,83,48,68
20261907,3반,33,94,79,100,60,63,45
20261908,4반,33,68,56,96,96,83,42
20261909,5반,4,87,90,55,84,92,75
20261910,1반,10,94,46,58,64,50,76
20261911,4반,5,54,64,95,69,82,45
20261912,3반,30,69,81,74,97,92,69
20261913,1반,6,51,86,46,98,99,65
20261914,4반,13,65,61,44,60,61,78
20261915,4반,14,84,87,70,47,57,69
20261916,1반,35,49,100,70,49,80,53
20261917,3반,37,42,78,89,64,43,99
20261918,3반,28,70,53,43,53,95,41
20261919,4반,18,56,80,51,45,49,44
20261920,3반,26,45,59,95,85,68,95
20261921,4반,34,53,82,97,56,51,93
20261922,1반,6,97,97,67,61,88,59
20261923,2반,13,62,100,66,70,70,74
20261924,2반,28,62,98,84,76,64,92
20261925,1반,36,90,97,78,52,44,86
20261926,5반,40,49,60,82,92,100,86
20261927,3반,1,49,97,69,99,49,71
20261928,3반,8,90,83,66,56,73,86
20261929,1반,29,100,93,94,48,80,68
20261930,5반,7,42,53,87,52,66,84
20261931,5반,11,78,64,53,62,53,100
20261932,2반,37,40,63,92,63,41,59
20261933,3반,33,92,95,47,84,71,81
20261934,4반,27,66,62,62,93,74,67
20261935,5반,22,47,99,51,69,67,63
20261936,2반,36,78,50,74,67,64,58
20261937,4반,19,84,79,100,99,97,94
20261938,1반,6,91,93,46,45,81,41
20261939,5반,27,46,71,87,88,79,99
20261940,5반,7,80,68,72,77,91,42
20261941,3반,27,53,54,89,69,75,64
20261942,1반,13,94,70,100,47,62,90
20261943,4반,27,98,92,81,85,90,87
20261944,4반,1,100,63,90,54,72,58
20261945,3반,17,59,93,97,90,98,66
20261946,2반,1,97,98,66,42,40,41
20261947,2반,24,93,92,73,92,87,78
20261948,3반,22,50,76,67,55,75,65
20261949,2반,40,81,65,93,43,91,99
20261950,5반,28,48,100,80,64,86,51
20261951,4반,21,73,50,67,54,46,85
20261952,2반,33,47,80,76,90,65,93
20261953,3반,36,50,100,60,53,45,45
20261954,1반,28,40,80,89,77,49,41
20261955,5반,35,98,45,76,64,41,87
20261956,2반,30,80,80,89,62,51,55
20261957,2반,20,52,74,93,55,86,89
20261958,4반,17,82,43,57,45,99,49
20261959,1반,38,95,46,47,69,99,78
20261960,1반,7,49,58,56,97,51,45
20261961,1반,32,94,63,98,93,53,65
20261962,1반,32,90,41,66,44,71,80
20261963,1반,14,83,66,64,96,60,80
20261964,4반,11,51,59,40,97,51,82
20261965,5반,39,94,42,47,61,62,70
20261966,5반,39,74,40,50,73,87,56
20261967,1반,13,78,41,74,41,73,72
20261968,2반,14,95,63,47,97,53,41
20261969,3반,9,54,45,86,84,100,48
20261970,3반,18,70,52,45,62,85,75
20261971,3반,30,87,91,71,67,72,100
20261972,4반,13,56,51,52,83,94,96
20261973,3반,26,46,77,90,89,77,59
20261974,2반,14,86,71,67,96,68,67
20261975,5반,18,92,60,79,46,78,64
20261976,4반,13,76,62,63,97,80,92
20261977,1반,29,50,96,42,72,56,77
20261978,4반,19,78,92,96,81,100,73
20261979,3반,26,41,47,51,91,60,67
20261980,2반,23,55,44,53,82,63,63
20261981,2반,21,47,40,60,84,40,85
20261982,3반,14,69,76,90,60,97,54
20261983,5반,5,64,58,78,53,73,53
20261984,1반,36,57,85,78,100,96,91
20261985,1반,37,97,81,66,83,88,67
20261986,3반,21,52,52,43,91,71,71
20261987,1반,18,66,47,47,68,50,78
20261988,3반,38,64,55,76,41,58,41
20261989,5반,1,98,69,58,48,93,65
20261990,1반,35,98,73,42,61,81,41
20261991,1반,31,46,93,91,66,86,59
20261992,3반,21,88,62,65,45,75,89
20261993,3반,32,79,43,65,59,84,69
20261994,4반,8,93,63,100,79,46,41
20261995,2반,4,92,40,48,46,60,95
20261996,4반,15,50,45,52,86,97,91
20261997,3반,35,40,99,84,95,43,56
20261998,1반,8,43,100,59,44,56,61
20261999,5반,25,57,84,50,99,48,77
20262000,4반,8,48,60,95,49,88,77
